StudentID,Name,Semester,AttendancePercent,AssignmentScore,Test1,Test2,Test3,FinalExam,ExtraActivities,Grade,Gender,Department,AttendancePercent_Norm,AssignmentScore_Norm,Test1_Norm,Test2_Norm,Test3_Norm,FinalExam_Norm,Average,Total,PassFail
1001,Ritu Chauhan,6,81,59,66,59,76,83,Yes,A,Female,Information Technology,0.6326530612244898,0.3220338983050847,0.5822784810126582,0.4936708860759494,0.7088607594936709,0.7974683544303798,67.0,343,Pass
1002,Meera Das,3,96,64,36,66,35,31,Yes,D,Female,Electronics,0.9387755102040817,0.4067796610169492,0.20253164556962025,0.5822784810126582,0.189873417721519,0.13924050632911392,45.666666666666664,232,Fail
1003,Arjun Verma,8,84,99,87,72,99,39,Yes,D,Male,Mechanical,0.6938775510204082,1.0,0.8481012658227848,0.6582278481012658,1.0,0.24050632911392406,86.0,396,Fail
1004,Ritu Chauhan,5,90,53,80,76,27,60,Yes,A,Male,Information Technology,0.8163265306122449,0.22033898305084745,0.759493670886076,0.7088607594936709,0.08860759493670886,0.5063291139240507,61.0,296,Pass
1005,Aman Yadav,7,91,85,88,43,81,32,No,B,Male,Electronics,0.8367346938775511,0.7627118644067796,0.8607594936708861,0.2911392405063291,0.7721518987341772,0.1518987341772152,70.66666666666667,329,Fail
1006,Imran Pathan,3,66,92,32,44,30,64,No,C,Female,Computer Science,0.32653061224489793,0.8813559322033898,0.1518987341772152,0.3037974683544304,0.12658227848101267,0.5569620253164557,35.333333333333336,262,Pass
1007,Sameer Ahmad,4,55,81,44,88,83,75,No,C,Female,Mechanical,0.10204081632653061,0.6949152542372882,0.3037974683544304,0.8607594936708861,0.7974683544303798,0.6962025316455697,71.66666666666667,371,Pass
1008,Sana Shaikh,4,83,81,36,79,79,99,No,A+,Male,Information Technology,0.673469387755102,0.6949152542372882,0.20253164556962025,0.7468354430379747,0.7468354430379747,1.0,64.66666666666667,374,Pass
1009,Kabir Khan,5,81,62,71,24,98,86,Yes,A,Female,Computer Science,0.6326530612244898,0.3728813559322034,0.6455696202531646,0.05063291139240506,0.9873417721518988,0.8354430379746836,64.33333333333333,341,Pass
1010,Priya Sharma,4,64,43,41,61,73,65,Yes,A,Male,Information Technology,0.2857142857142857,0.05084745762711865,0.26582278481012656,0.5189873417721519,0.6708860759493671,0.569620253164557,58.333333333333336,283,Pass
1011,Meera Das,2,52,94,57,69,61,26,No,C,Male,Electronics,0.04081632653061224,0.9152542372881356,0.46835443037974683,0.620253164556962,0.5189873417721519,0.0759493670886076,62.333333333333336,307,Fail
1012,Sana Shaikh,1,51,50,54,51,95,20,No,A+,Female,Civil,0.02040816326530612,0.1694915254237288,0.43037974683544306,0.3924050632911392,0.9493670886075949,0.0,66.66666666666667,270,Fail
1013,Ritu Chauhan,5,94,95,59,50,69,51,Yes,B,Male,Computer Science,0.8979591836734694,0.9322033898305084,0.4936708860759494,0.379746835443038,0.620253164556962,0.3924050632911392,59.333333333333336,324,Pass
1014,Aman Yadav,1,58,47,23,74,86,76,Yes,B+,Male,Civil,0.16326530612244897,0.11864406779661017,0.0379746835443038,0.6835443037974683,0.8354430379746836,0.7088607594936709,61.0,306,Pass
1015,Priya Sharma,2,93,86,36,67,63,71,Yes,C,Male,Mechanical,0.8775510204081632,0.7796610169491526,0.20253164556962025,0.5949367088607594,0.5443037974683544,0.6455696202531646,55.333333333333336,323,Pass
1016,Priya Sharma,6,50,49,98,26,65,66,No,B,Male,Mechanical,0.0,0.15254237288135594,0.9873417721518988,0.0759493670886076,0.569620253164557,0.5822784810126582,63.0,304,Pass
1017,Priya Sharma,8,87,45,26,96,71,30,No,C,Male,Civil,0.7551020408163265,0.0847457627118644,0.0759493670886076,0.9620253164556962,0.6455696202531646,0.12658227848101267,64.33333333333333,268,Fail
1018,Meera Das,2,88,91,79,37,42,81,Yes,B,Female,Information Technology,0.7755102040816326,0.864406779661017,0.7468354430379747,0.21518987341772153,0.27848101265822783,0.7721518987341772,52.666666666666664,330,Pass
1019,Ayesha Khan,1,50,90,92,69,62,41,No,D,Male,Computer Science,0.0,0.847457627118644,0.9113924050632911,0.620253164556962,0.5316455696202531,0.26582278481012656,74.33333333333333,354,Pass
1020,Vikas Kumar,1,86,66,90,65,71,46,Yes,C,Male,Computer Science,0.7346938775510204,0.4406779661016949,0.8860759493670886,0.569620253164557,0.6455696202531646,0.3291139240506329,75.33333333333333,338,Pass
1021,Zainab Ali,2,65,64,59,83,51,96,Yes,A,Male,Computer Science,0.30612244897959184,0.4067796610169492,0.4936708860759494,0.7974683544303798,0.3924050632911392,0.9620253164556962,64.33333333333333,353,Pass
1022,Imran Pathan,8,60,56,89,83,26,25,No,A,Female,Electronics,0.20408163265306123,0.2711864406779661,0.8734177215189873,0.7974683544303798,0.0759493670886076,0.06329113924050633,66.0,279,Fail
1023,Fatima Noor,5,54,91,64,63,40,45,No,A+,Male,Information Technology,0.08163265306122448,0.864406779661017,0.5569620253164557,0.5443037974683544,0.25316455696202533,0.31645569620253167,55.666666666666664,303,Pass
1024,Priya Sharma,4,58,95,70,38,85,33,Yes,C,Female,Mechanical,0.16326530612244897,0.9322033898305084,0.6329113924050633,0.22784810126582278,0.8227848101265823,0.16455696202531644,64.33333333333333,321,Fail
1025,Sana Shaikh,4,91,89,82,72,43,26,Yes,A,Male,Information Technology,0.8367346938775511,0.8305084745762712,0.7848101265822784,0.6582278481012658,0.2911392405063291,0.0759493670886076,65.66666666666667,312,Fail
1026,Arjun Verma,6,89,89,99,72,23,51,No,D,Female,Computer Science,0.7959183673469388,0.8305084745762712,1.0,0.6582278481012658,0.0379746835443038,0.3924050632911392,64.66666666666667,334,Pass
1027,Ayesha Khan,6,51,93,38,45,27,31,No,A+,Female,Civil,0.02040816326530612,0.8983050847457628,0.22784810126582278,0.31645569620253167,0.08860759493670886,0.13924050632911392,36.666666666666664,234,Fail
1028,Imran Pathan,7,96,73,35,94,27,22,No,D,Male,Computer Science,0.9387755102040817,0.559322033898305,0.189873417721519,0.9367088607594937,0.08860759493670886,0.02531645569620253,52.0,251,Fail
1029,Nisha Gupta,1,64,91,38,20,22,73,No,C,Male,Computer Science,0.2857142857142857,0.864406779661017,0.22784810126582278,0.0,0.02531645569620253,0.6708860759493671,26.666666666666668,244,Pass
1030,Ayesha Khan,3,73,76,86,73,59,81,Yes,A,Female,Information Technology,0.46938775510204084,0.6101694915254238,0.8354430379746836,0.6708860759493671,0.4936708860759494,0.7721518987341772,72.66666666666667,375,Pass
1031,Ritu Chauhan,5,68,57,31,28,50,89,No,B,Male,Information Technology,0.3673469387755102,0.288135593220339,0.13924050632911392,0.10126582278481013,0.379746835443038,0.8734177215189873,36.333333333333336,255,Pass
1032,Zainab Ali,5,62,53,32,44,69,67,Yes,D,Male,Mechanical,0.24489795918367346,0.22033898305084745,0.1518987341772152,0.3037974683544304,0.620253164556962,0.5949367088607594,48.333333333333336,265,Pass
1033,Nisha Gupta,6,55,53,98,80,51,39,No,A,Male,Civil,0.10204081632653061,0.22033898305084745,0.9873417721518988,0.759493670886076,0.3924050632911392,0.24050632911392406,76.33333333333333,321,Fail
1034,Priya Sharma,4,67,98,90,97,36,54,Yes,D,Female,Information Technology,0.3469387755102041,0.9830508474576272,0.8860759493670886,0.9746835443037974,0.20253164556962025,0.43037974683544306,74.33333333333333,375,Pass
1035,Vikas Kumar,7,78,68,56,61,94,25,Yes,C,Male,Information Technology,0.5714285714285714,0.4745762711864407,0.45569620253164556,0.5189873417721519,0.9367088607594937,0.06329113924050633,70.33333333333333,304,Fail
1036,Arjun Verma,6,89,46,58,77,49,35,No,D,Female,Electronics,0.7959183673469388,0.1016949152542373,0.4810126582278481,0.7215189873417721,0.3670886075949367,0.189873417721519,61.333333333333336,265,Fail
1037,Rohit Singh,2,73,91,52,78,26,25,No,C,Male,Information Technology,0.46938775510204084,0.864406779661017,0.4050632911392405,0.7341772151898734,0.0759493670886076,0.06329113924050633,52.0,272,Fail
1038,Priya Sharma,7,90,68,49,69,69,46,No,A,Male,Computer Science,0.8163265306122449,0.4745762711864407,0.3670886075949367,0.620253164556962,0.620253164556962,0.3291139240506329,62.333333333333336,301,Pass
1039,Aman Yadav,1,52,76,85,61,53,21,No,A,Male,Electronics,0.04081632653061224,0.6101694915254238,0.8227848101265823,0.5189873417721519,0.4177215189873418,0.012658227848101266,66.33333333333333,296,Fail
1040,Meera Das,7,95,97,83,98,87,34,No,B+,Female,Electronics,0.9183673469387755,0.9661016949152542,0.7974683544303798,0.9873417721518988,0.8481012658227848,0.17721518987341772,89.33333333333333,399,Fail
1041,Sameer Ahmad,2,67,61,43,56,92,69,No,A,Female,Computer Science,0.3469387755102041,0.3559322033898305,0.2911392405063291,0.45569620253164556,0.9113924050632911,0.620253164556962,63.666666666666664,321,Pass
1042,Fatima Noor,8,64,49,52,59,99,86,Yes,D,Female,Computer Science,0.2857142857142857,0.15254237288135594,0.4050632911392405,0.4936708860759494,1.0,0.8354430379746836,70.0,345,Pass
1043,Fatima Noor,5,58,98,45,29,76,94,No,C,Male,Computer Science,0.16326530612244897,0.9830508474576272,0.31645569620253167,0.11392405063291139,0.7088607594936709,0.9367088607594937,50.0,342,Pass
1044,Ritu Chauhan,1,76,84,70,55,77,48,No,D,Male,Information Technology,0.5306122448979592,0.7457627118644068,0.6329113924050633,0.4430379746835443,0.7215189873417721,0.35443037974683544,67.33333333333333,334,Pass
1045,Sana Shaikh,6,97,76,57,76,90,53,Yes,A+,Male,Mechanical,0.9591836734693877,0.6101694915254238,0.46835443037974683,0.7088607594936709,0.8860759493670886,0.4177215189873418,74.33333333333333,352,Pass
1046,Vikas Kumar,8,70,74,77,76,61,62,Yes,B,Female,Electronics,0.40816326530612246,0.576271186440678,0.7215189873417721,0.7088607594936709,0.5189873417721519,0.5316455696202531,71.33333333333333,350,Pass
1047,Priya Sharma,4,79,70,43,24,26,61,No,B,Female,Civil,0.5918367346938775,0.5084745762711864,0.2911392405063291,0.05063291139240506,0.0759493670886076,0.5189873417721519,31.0,224,Pass
1048,Nisha Gupta,6,94,90,87,46,89,52,Yes,C,Male,Information Technology,0.8979591836734694,0.847457627118644,0.8481012658227848,0.3291139240506329,0.8734177215189873,0.4050632911392405,74.0,364,Pass
1049,Nisha Gupta,6,94,90,67,63,87,90,No,A+,Male,Electronics,0.8979591836734694,0.847457627118644,0.5949367088607594,0.5443037974683544,0.8481012658227848,0.8860759493670886,72.33333333333333,397,Pass
1050,Vikas Kumar,1,61,96,81,61,92,22,Yes,B,Male,Civil,0.22448979591836735,0.9491525423728814,0.7721518987341772,0.5189873417721519,0.9113924050632911,0.02531645569620253,78.0,352,Fail
1051,Nisha Gupta,6,80,92,44,67,35,51,No,B+,Female,Information Technology,0.6122448979591837,0.8813559322033898,0.3037974683544304,0.5949367088607594,0.189873417721519,0.3924050632911392,48.666666666666664,289,Pass
1052,Vikas Kumar,8,75,54,66,27,26,61,Yes,A,Female,Mechanical,0.5102040816326531,0.23728813559322035,0.5822784810126582,0.08860759493670886,0.0759493670886076,0.5189873417721519,39.666666666666664,234,Pass
1053,Kabir Khan,7,76,80,98,78,42,45,No,B+,Female,Information Technology,0.5306122448979592,0.6779661016949152,0.9873417721518988,0.7341772151898734,0.27848101265822783,0.31645569620253167,72.66666666666667,343,Pass
1054,Rohit Singh,7,61,82,72,46,49,85,Yes,D,Male,Computer Science,0.22448979591836735,0.711864406779661,0.6582278481012658,0.3291139240506329,0.3670886075949367,0.8227848101265823,55.666666666666664,334,Pass
1055,Fatima Noor,6,55,95,42,84,23,22,Yes,B,Male,Civil,0.10204081632653061,0.9322033898305084,0.27848101265822783,0.810126582278481,0.0379746835443038,0.02531645569620253,49.666666666666664,266,Fail
1056,Meera Das,6,78,71,77,50,78,63,No,A+,Female,Civil,0.5714285714285714,0.5254237288135594,0.7215189873417721,0.379746835443038,0.7341772151898734,0.5443037974683544,68.33333333333333,339,Pass
1057,Sameer Ahmad,1,69,52,61,82,74,65,Yes,D,Female,Information Technology,0.3877551020408163,0.2033898305084746,0.5189873417721519,0.7848101265822784,0.6835443037974683,0.569620253164557,72.33333333333333,334,Pass
1058,Arjun Verma,4,86,82,72,75,52,53,No,C,Male,Mechanical,0.7346938775510204,0.711864406779661,0.6582278481012658,0.6962025316455697,0.4050632911392405,0.4177215189873418,66.33333333333333,334,Pass
1059,Fatima Noor,8,82,92,70,21,46,28,No,D,Male,Computer Science,0.6530612244897959,0.8813559322033898,0.6329113924050633,0.012658227848101266,0.3291139240506329,0.10126582278481013,45.666666666666664,257,Fail
1060,Aman Yadav,7,72,84,36,31,68,66,No,B,Male,Mechanical,0.4489795918367347,0.7457627118644068,0.20253164556962025,0.13924050632911392,0.6075949367088608,0.5822784810126582,45.0,285,Pass
1061,Nisha Gupta,6,87,88,56,75,48,34,No,A,Female,Computer Science,0.7551020408163265,0.8135593220338984,0.45569620253164556,0.6962025316455697,0.35443037974683544,0.17721518987341772,59.666666666666664,301,Fail
1062,Zainab Ali,2,55,92,21,30,90,84,Yes,A,Female,Civil,0.10204081632653061,0.8813559322033898,0.012658227848101266,0.12658227848101267,0.8860759493670886,0.810126582278481,47.0,317,Pass
1063,Ritu Chauhan,8,59,65,88,96,67,81,Yes,C,Male,Civil,0.1836734693877551,0.423728813559322,0.8607594936708861,0.9620253164556962,0.5949367088607594,0.7721518987341772,83.66666666666667,397,Pass
1064,Priya Sharma,5,88,96,98,53,48,57,Yes,B,Male,Electronics,0.7755102040816326,0.9491525423728814,0.9873417721518988,0.4177215189873418,0.35443037974683544,0.46835443037974683,66.33333333333333,352,Pass
1065,Nisha Gupta,8,81,63,39,81,70,79,No,A+,Male,Civil,0.6326530612244898,0.3898305084745763,0.24050632911392406,0.7721518987341772,0.6329113924050633,0.7468354430379747,63.333333333333336,332,Pass
1066,Zainab Ali,8,90,88,40,28,22,99,No,B+,Male,Computer Science,0.8163265306122449,0.8135593220338984,0.25316455696202533,0.10126582278481013,0.02531645569620253,1.0,30.0,277,Pass
1067,Aman Yadav,1,82,93,47,27,41,83,Yes,D,Female,Electronics,0.6530612244897959,0.8983050847457628,0.34177215189873417,0.08860759493670886,0.26582278481012656,0.7974683544303798,38.333333333333336,291,Pass
1068,Sana Shaikh,3,80,72,39,61,87,59,Yes,B,Male,Civil,0.6122448979591837,0.5423728813559322,0.24050632911392406,0.5189873417721519,0.8481012658227848,0.4936708860759494,62.333333333333336,318,Pass
1069,Imran Pathan,2,72,42,97,67,33,37,No,B+,Female,Information Technology,0.4489795918367347,0.03389830508474576,0.9746835443037974,0.5949367088607594,0.16455696202531644,0.21518987341772153,65.66666666666667,276,Fail
1070,Kabir Khan,3,79,52,33,80,69,33,Yes,A,Male,Electronics,0.5918367346938775,0.2033898305084746,0.16455696202531644,0.759493670886076,0.620253164556962,0.16455696202531644,60.666666666666664,267,Fail
1071,Vikas Kumar,7,74,69,76,33,64,73,Yes,B+,Female,Civil,0.4897959183673469,0.4915254237288136,0.7088607594936709,0.16455696202531644,0.5569620253164557,0.6708860759493671,57.666666666666664,315,Pass
1072,Aman Yadav,1,67,69,79,88,70,34,No,D,Male,Electronics,0.3469387755102041,0.4915254237288136,0.7468354430379747,0.8607594936708861,0.6329113924050633,0.17721518987341772,79.0,340,Fail
1073,Zainab Ali,7,74,99,94,83,54,88,No,B,Female,Information Technology,0.4897959183673469,1.0,0.9367088607594937,0.7974683544303798,0.43037974683544306,0.8607594936708861,77.0,418,Pass
1074,Ritu Chauhan,1,92,48,23,98,57,43,No,B+,Female,Information Technology,0.8571428571428571,0.13559322033898305,0.0379746835443038,0.9873417721518988,0.46835443037974683,0.2911392405063291,59.333333333333336,269,Pass
1075,Arjun Verma,3,78,54,65,87,66,99,No,D,Female,Computer Science,0.5714285714285714,0.23728813559322035,0.569620253164557,0.8481012658227848,0.5822784810126582,1.0,72.66666666666667,371,Pass
1076,Vikas Kumar,7,98,97,55,74,90,79,Yes,B,Male,Electronics,0.9795918367346939,0.9661016949152542,0.4430379746835443,0.6835443037974683,0.8860759493670886,0.7468354430379747,73.0,395,Pass
1077,Kabir Khan,6,81,98,66,33,89,43,No,A,Male,Electronics,0.6326530612244898,0.9830508474576272,0.5822784810126582,0.16455696202531644,0.8734177215189873,0.2911392405063291,62.666666666666664,329,Pass
1078,Ayesha Khan,5,87,89,75,90,86,53,No,A,Male,Computer Science,0.7551020408163265,0.8305084745762712,0.6962025316455697,0.8860759493670886,0.8354430379746836,0.4177215189873418,83.66666666666667,393,Pass
1079,Ayesha Khan,7,92,64,36,30,82,78,No,C,Female,Computer Science,0.8571428571428571,0.4067796610169492,0.20253164556962025,0.12658227848101267,0.7848101265822784,0.7341772151898734,49.333333333333336,290,Pass
1080,Rohit Singh,6,55,60,92,78,60,77,Yes,C,Female,Computer Science,0.10204081632653061,0.3389830508474576,0.9113924050632911,0.7341772151898734,0.5063291139240507,0.7215189873417721,76.66666666666667,367,Pass
1081,Zainab Ali,1,82,40,73,57,99,78,Yes,A+,Female,Electronics,0.6530612244897959,0.0,0.6708860759493671,0.46835443037974683,1.0,0.7341772151898734,76.33333333333333,347,Pass
1082,Fatima Noor,6,65,98,96,41,61,47,Yes,C,Male,Civil,0.30612244897959184,0.9830508474576272,0.9620253164556962,0.26582278481012656,0.5189873417721519,0.34177215189873417,66.0,343,Pass
1083,Sana Shaikh,1,69,86,85,36,25,52,No,B+,Female,Computer Science,0.3877551020408163,0.7796610169491526,0.8227848101265823,0.20253164556962025,0.06329113924050633,0.4050632911392405,48.666666666666664,284,Pass
1084,Fatima Noor,1,61,83,38,36,31,47,No,B,Female,Mechanical,0.22448979591836735,0.7288135593220338,0.22784810126582278,0.20253164556962025,0.13924050632911392,0.34177215189873417,35.0,235,Pass
1085,Sana Shaikh,7,52,78,69,40,60,76,No,A,Male,Civil,0.04081632653061224,0.6440677966101694,0.620253164556962,0.25316455696202533,0.5063291139240507,0.7088607594936709,56.333333333333336,323,Pass
1086,Sana Shaikh,1,97,78,93,33,35,28,No,C,Male,Civil,0.9591836734693877,0.6440677966101694,0.9240506329113924,0.16455696202531644,0.189873417721519,0.10126582278481013,53.666666666666664,267,Fail
1087,Arjun Verma,8,91,50,96,98,56,94,Yes,B,Female,Information Technology,0.8367346938775511,0.1694915254237288,0.9620253164556962,0.9873417721518988,0.45569620253164556,0.9367088607594937,83.33333333333333,394,Pass
1088,Nisha Gupta,7,88,43,44,36,69,40,No,D,Male,Electronics,0.7755102040816326,0.05084745762711865,0.3037974683544304,0.20253164556962025,0.620253164556962,0.25316455696202533,49.666666666666664,232,Pass
1089,Ayesha Khan,3,79,79,94,59,48,36,Yes,A,Male,Computer Science,0.5918367346938775,0.6610169491525424,0.9367088607594937,0.4936708860759494,0.35443037974683544,0.20253164556962025,67.0,316,Fail
1090,Sana Shaikh,7,90,86,68,59,46,93,No,B+,Female,Electronics,0.8163265306122449,0.7796610169491526,0.6075949367088608,0.4936708860759494,0.3291139240506329,0.9240506329113924,57.666666666666664,352,Pass
1091,Kabir Khan,2,66,52,32,50,46,93,No,A,Female,Computer Science,0.32653061224489793,0.2033898305084746,0.1518987341772152,0.379746835443038,0.3291139240506329,0.9240506329113924,42.666666666666664,273,Pass
1092,Kabir Khan,2,66,77,46,23,42,85,No,A+,Female,Information Technology,0.32653061224489793,0.6271186440677966,0.3291139240506329,0.0379746835443038,0.27848101265822783,0.8227848101265823,37.0,273,Pass
1093,Arjun Verma,4,51,55,81,46,26,82,No,C,Male,Mechanical,0.02040816326530612,0.2542372881355932,0.7721518987341772,0.3291139240506329,0.0759493670886076,0.7848101265822784,51.0,290,Pass
1094,Sana Shaikh,1,67,68,23,92,71,20,No,D,Male,Mechanical,0.3469387755102041,0.4745762711864407,0.0379746835443038,0.9113924050632911,0.6455696202531646,0.0,62.0,274,Fail
1095,Arjun Verma,1,54,67,32,99,93,30,No,A,Male,Electronics,0.08163265306122448,0.4576271186440678,0.1518987341772152,1.0,0.9240506329113924,0.12658227848101267,74.66666666666667,321,Fail
1096,Sameer Ahmad,7,94,96,61,61,77,59,No,B+,Male,Computer Science,0.8979591836734694,0.9491525423728814,0.5189873417721519,0.5189873417721519,0.7215189873417721,0.4936708860759494,66.33333333333333,354,Pass
1097,Rohit Singh,6,84,99,29,43,75,75,Yes,A,Female,Mechanical,0.6938775510204082,1.0,0.11392405063291139,0.2911392405063291,0.6962025316455697,0.6962025316455697,49.0,321,Pass
1098,Aman Yadav,1,51,54,78,60,59,21,No,A+,Male,Civil,0.02040816326530612,0.23728813559322035,0.7341772151898734,0.5063291139240507,0.4936708860759494,0.012658227848101266,65.66666666666667,272,Fail
1099,Ayesha Khan,2,96,69,96,69,21,75,No,A,Female,Electronics,0.9387755102040817,0.4915254237288136,0.9620253164556962,0.620253164556962,0.012658227848101266,0.6962025316455697,62.0,330,Pass
1100,Vikas Kumar,1,56,89,74,22,61,42,No,A,Female,Information Technology,0.12244897959183673,0.8305084745762712,0.6835443037974683,0.02531645569620253,0.5189873417721519,0.27848101265822783,52.333333333333336,288,Pass
1101,Imran Pathan,7,66,84,63,66,20,85,No,D,Female,Mechanical,0.32653061224489793,0.7457627118644068,0.5443037974683544,0.5822784810126582,0.0,0.8227848101265823,49.666666666666664,318,Pass
1102,Sameer Ahmad,4,74,50,78,30,87,52,No,D,Male,Information Technology,0.4897959183673469,0.1694915254237288,0.7341772151898734,0.12658227848101267,0.8481012658227848,0.4050632911392405,65.0,297,Pass
1103,Meera Das,4,89,49,24,61,68,89,No,C,Male,Civil,0.7959183673469388,0.15254237288135594,0.05063291139240506,0.5189873417721519,0.6075949367088608,0.8734177215189873,51.0,291,Pass
1104,Sana Shaikh,4,55,40,20,30,26,68,No,B+,Male,Information Technology,0.10204081632653061,0.0,0.0,0.12658227848101267,0.0759493670886076,0.6075949367088608,25.333333333333332,184,Pass
1105,Vikas Kumar,8,99,75,65,47,43,78,No,A,Female,Electronics,1.0,0.5932203389830508,0.569620253164557,0.34177215189873417,0.2911392405063291,0.7341772151898734,51.666666666666664,308,Pass
1106,Imran Pathan,7,91,71,91,93,27,98,Yes,B,Male,Mechanical,0.8367346938775511,0.5254237288135594,0.8987341772151899,0.9240506329113924,0.08860759493670886,0.9873417721518988,70.33333333333333,380,Pass
1107,Imran Pathan,6,82,79,39,43,74,32,No,B+,Male,Mechanical,0.6530612244897959,0.6610169491525424,0.24050632911392406,0.2911392405063291,0.6835443037974683,0.1518987341772152,52.0,267,Fail
1108,Imran Pathan,1,50,78,92,40,31,66,No,B+,Female,Mechanical,0.0,0.6440677966101694,0.9113924050632911,0.25316455696202533,0.13924050632911392,0.5822784810126582,54.333333333333336,307,Pass
1109,Aman Yadav,5,51,40,48,87,37,75,Yes,D,Male,Civil,0.02040816326530612,0.0,0.35443037974683544,0.8481012658227848,0.21518987341772153,0.6962025316455697,57.333333333333336,287,Pass
1110,Arjun Verma,2,97,90,58,85,43,92,Yes,A,Male,Electronics,0.9591836734693877,0.847457627118644,0.4810126582278481,0.8227848101265823,0.2911392405063291,0.9113924050632911,62.0,368,Pass
1111,Ayesha Khan,3,96,99,58,49,63,70,Yes,A+,Female,Information Technology,0.9387755102040817,1.0,0.4810126582278481,0.3670886075949367,0.5443037974683544,0.6329113924050633,56.666666666666664,339,Pass
1112,Ritu Chauhan,2,93,91,30,37,58,74,Yes,D,Female,Mechanical,0.8775510204081632,0.864406779661017,0.12658227848101267,0.21518987341772153,0.4810126582278481,0.6835443037974683,41.666666666666664,290,Pass
1113,Priya Sharma,3,59,69,81,61,55,79,No,B+,Male,Civil,0.1836734693877551,0.4915254237288136,0.7721518987341772,0.5189873417721519,0.4430379746835443,0.7468354430379747,65.66666666666667,345,Pass
1114,Vikas Kumar,5,58,66,44,42,27,71,No,B+,Female,Mechanical,0.16326530612244897,0.4406779661016949,0.3037974683544304,0.27848101265822783,0.08860759493670886,0.6455696202531646,37.666666666666664,250,Pass
1115,Nisha Gupta,3,79,43,91,98,98,97,Yes,C,Male,Computer Science,0.5918367346938775,0.05084745762711865,0.8987341772151899,0.9873417721518988,0.9873417721518988,0.9746835443037974,95.66666666666667,427,Pass
1116,Meera Das,2,72,68,66,37,46,97,No,B+,Male,Mechanical,0.4489795918367347,0.4745762711864407,0.5822784810126582,0.21518987341772153,0.3291139240506329,0.9746835443037974,49.666666666666664,314,Pass
1117,Nisha Gupta,5,65,83,21,44,30,61,No,D,Male,Computer Science,0.30612244897959184,0.7288135593220338,0.012658227848101266,0.3037974683544304,0.12658227848101267,0.5189873417721519,31.666666666666668,239,Pass
1118,Priya Sharma,6,75,50,84,78,50,72,No,D,Female,Electronics,0.5102040816326531,0.1694915254237288,0.810126582278481,0.7341772151898734,0.379746835443038,0.6582278481012658,70.66666666666667,334,Pass
1119,Nisha Gupta,8,75,95,53,21,38,80,Yes,A,Female,Information Technology,0.5102040816326531,0.9322033898305084,0.4177215189873418,0.012658227848101266,0.22784810126582278,0.759493670886076,37.333333333333336,287,Pass
1120,Vikas Kumar,4,72,89,99,83,42,61,No,B,Male,Civil,0.4489795918367347,0.8305084745762712,1.0,0.7974683544303798,0.27848101265822783,0.5189873417721519,74.66666666666667,374,Pass
1121,Aman Yadav,1,69,53,30,43,39,68,Yes,D,Female,Information Technology,0.3877551020408163,0.22033898305084745,0.12658227848101267,0.2911392405063291,0.24050632911392406,0.6075949367088608,37.333333333333336,233,Pass
1122,Sana Shaikh,2,85,58,57,67,46,84,Yes,D,Male,Computer Science,0.7142857142857143,0.3050847457627119,0.46835443037974683,0.5949367088607594,0.3291139240506329,0.810126582278481,56.666666666666664,312,Pass
1123,Fatima Noor,8,96,89,87,40,37,96,No,B+,Male,Information Technology,0.9387755102040817,0.8305084745762712,0.8481012658227848,0.25316455696202533,0.21518987341772153,0.9620253164556962,54.666666666666664,349,Pass
1124,Aman Yadav,8,73,63,36,74,85,59,Yes,A+,Female,Mechanical,0.46938775510204084,0.3898305084745763,0.20253164556962025,0.6835443037974683,0.8227848101265823,0.4936708860759494,65.0,317,Pass
1125,Ayesha Khan,1,98,50,61,39,89,52,Yes,B+,Male,Information Technology,0.9795918367346939,0.1694915254237288,0.5189873417721519,0.24050632911392406,0.8734177215189873,0.4050632911392405,63.0,291,Pass
1126,Rohit Singh,4,88,65,76,43,95,48,No,C,Female,Electronics,0.7755102040816326,0.423728813559322,0.7088607594936709,0.2911392405063291,0.9493670886075949,0.35443037974683544,71.33333333333333,327,Pass
1127,Ritu Chauhan,1,64,67,83,54,31,25,Yes,D,Female,Electronics,0.2857142857142857,0.4576271186440678,0.7974683544303798,0.43037974683544306,0.13924050632911392,0.06329113924050633,56.0,260,Fail
1128,Nisha Gupta,2,50,83,48,51,83,66,No,B+,Female,Mechanical,0.0,0.7288135593220338,0.35443037974683544,0.3924050632911392,0.7974683544303798,0.5822784810126582,60.666666666666664,331,Pass
1129,Imran Pathan,8,84,43,46,65,21,35,No,A,Female,Computer Science,0.6938775510204082,0.05084745762711865,0.3291139240506329,0.569620253164557,0.012658227848101266,0.189873417721519,44.0,210,Fail
1130,Zainab Ali,6,71,46,35,22,32,67,No,C,Male,Information Technology,0.42857142857142855,0.1016949152542373,0.189873417721519,0.02531645569620253,0.1518987341772152,0.5949367088607594,29.666666666666668,202,Pass
1131,Nisha Gupta,2,80,70,98,37,32,23,No,C,Female,Mechanical,0.6122448979591837,0.5084745762711864,0.9873417721518988,0.21518987341772153,0.1518987341772152,0.0379746835443038,55.666666666666664,260,Fail
1132,Priya Sharma,3,90,98,79,41,38,22,No,A+,Female,Computer Science,0.8163265306122449,0.9830508474576272,0.7468354430379747,0.26582278481012656,0.22784810126582278,0.02531645569620253,52.666666666666664,278,Fail
1133,Aman Yadav,2,71,85,25,33,45,64,Yes,A+,Female,Mechanical,0.42857142857142855,0.7627118644067796,0.06329113924050633,0.16455696202531644,0.31645569620253167,0.5569620253164557,34.333333333333336,252,Pass
1134,Meera Das,7,64,56,43,81,85,31,No,C,Female,Civil,0.2857142857142857,0.2711864406779661,0.2911392405063291,0.7721518987341772,0.8227848101265823,0.13924050632911392,69.66666666666667,296,Fail
1135,Meera Das,3,95,82,81,26,89,21,Yes,A,Male,Civil,0.9183673469387755,0.711864406779661,0.7721518987341772,0.0759493670886076,0.8734177215189873,0.012658227848101266,65.33333333333333,299,Fail
1136,Priya Sharma,3,94,40,53,85,53,37,No,B,Male,Electronics,0.8979591836734694,0.0,0.4177215189873418,0.8227848101265823,0.4177215189873418,0.21518987341772153,63.666666666666664,268,Fail
1137,Meera Das,3,74,90,51,55,96,48,Yes,C,Male,Electronics,0.4897959183673469,0.847457627118644,0.3924050632911392,0.4430379746835443,0.9620253164556962,0.35443037974683544,67.33333333333333,340,Pass
1138,Arjun Verma,3,64,70,52,47,55,84,Yes,C,Male,Civil,0.2857142857142857,0.5084745762711864,0.4050632911392405,0.34177215189873417,0.4430379746835443,0.810126582278481,51.333333333333336,308,Pass
1139,Rohit Singh,8,73,91,58,88,52,96,No,D,Female,Information Technology,0.46938775510204084,0.864406779661017,0.4810126582278481,0.8607594936708861,0.4050632911392405,0.9620253164556962,66.0,385,Pass
1140,Priya Sharma,6,54,45,50,57,74,73,No,B,Male,Civil,0.08163265306122448,0.0847457627118644,0.379746835443038,0.46835443037974683,0.6835443037974683,0.6708860759493671,60.333333333333336,299,Pass
1141,Aman Yadav,3,62,98,79,28,20,96,No,B+,Female,Information Technology,0.24489795918367346,0.9830508474576272,0.7468354430379747,0.10126582278481013,0.0,0.9620253164556962,42.333333333333336,321,Pass
1142,Vikas Kumar,1,89,93,91,90,81,84,Yes,C,Female,Electronics,0.7959183673469388,0.8983050847457628,0.8987341772151899,0.8860759493670886,0.7721518987341772,0.810126582278481,87.33333333333333,439,Pass
1143,Ritu Chauhan,3,52,79,79,61,94,82,No,B+,Male,Mechanical,0.04081632653061224,0.6610169491525424,0.7468354430379747,0.5189873417721519,0.9367088607594937,0.7848101265822784,78.0,395,Pass
1144,Zainab Ali,7,66,67,20,62,85,61,Yes,B+,Male,Mechanical,0.32653061224489793,0.4576271186440678,0.0,0.5316455696202531,0.8227848101265823,0.5189873417721519,55.666666666666664,295,Pass
1145,Sana Shaikh,2,71,62,47,73,44,78,No,B,Female,Electronics,0.42857142857142855,0.3728813559322034,0.34177215189873417,0.6708860759493671,0.3037974683544304,0.7341772151898734,54.666666666666664,304,Pass
1146,Meera Das,1,77,41,40,93,88,89,Yes,A+,Male,Information Technology,0.5510204081632653,0.01694915254237288,0.25316455696202533,0.9240506329113924,0.8607594936708861,0.8734177215189873,73.66666666666667,351,Pass
1147,Imran Pathan,7,71,74,89,66,76,72,Yes,C,Female,Mechanical,0.42857142857142855,0.576271186440678,0.8734177215189873,0.5822784810126582,0.7088607594936709,0.6582278481012658,77.0,377,Pass
1148,Rohit Singh,1,84,87,92,86,39,50,Yes,C,Male,Information Technology,0.6938775510204082,0.7966101694915254,0.9113924050632911,0.8354430379746836,0.24050632911392406,0.379746835443038,72.33333333333333,354,Pass
1149,Aman Yadav,5,84,98,42,37,69,61,No,C,Female,Computer Science,0.6938775510204082,0.9830508474576272,0.27848101265822783,0.21518987341772153,0.620253164556962,0.5189873417721519,49.333333333333336,307,Pass
1150,Sameer Ahmad,8,84,67,28,41,50,98,Yes,A,Male,Electronics,0.6938775510204082,0.4576271186440678,0.10126582278481013,0.26582278481012656,0.379746835443038,0.9873417721518988,39.666666666666664,284,Pass
1151,Fatima Noor,8,65,98,95,57,88,68,Yes,B,Male,Information Technology,0.30612244897959184,0.9830508474576272,0.9493670886075949,0.46835443037974683,0.8607594936708861,0.6075949367088608,80.0,406,Pass
1152,Ayesha Khan,7,90,45,61,99,73,44,Yes,B+,Female,Electronics,0.8163265306122449,0.0847457627118644,0.5189873417721519,1.0,0.6708860759493671,0.3037974683544304,77.66666666666667,322,Pass
1153,Zainab Ali,5,79,61,54,40,26,90,Yes,D,Female,Computer Science,0.5918367346938775,0.3559322033898305,0.43037974683544306,0.25316455696202533,0.0759493670886076,0.8860759493670886,40.0,271,Pass
1154,Ayesha Khan,1,54,61,94,74,73,84,Yes,C,Female,Computer Science,0.08163265306122448,0.3559322033898305,0.9367088607594937,0.6835443037974683,0.6708860759493671,0.810126582278481,80.33333333333333,386,Pass
1155,Kabir Khan,1,74,98,44,32,41,82,No,D,Male,Civil,0.4897959183673469,0.9830508474576272,0.3037974683544304,0.1518987341772152,0.26582278481012656,0.7848101265822784,39.0,297,Pass
1156,Sana Shaikh,7,88,55,85,85,20,29,No,A,Male,Mechanical,0.7755102040816326,0.2542372881355932,0.8227848101265823,0.8227848101265823,0.0,0.11392405063291139,63.333333333333336,274,Fail
1157,Ayesha Khan,5,89,75,85,21,82,91,No,B+,Female,Computer Science,0.7959183673469388,0.5932203389830508,0.8227848101265823,0.012658227848101266,0.7848101265822784,0.8987341772151899,62.666666666666664,354,Pass
1158,Nisha Gupta,8,52,57,86,82,24,81,Yes,B+,Female,Electronics,0.04081632653061224,0.288135593220339,0.8354430379746836,0.7848101265822784,0.05063291139240506,0.7721518987341772,64.0,330,Pass
1159,Kabir Khan,8,90,71,73,70,45,93,Yes,B,Male,Electronics,0.8163265306122449,0.5254237288135594,0.6708860759493671,0.6329113924050633,0.31645569620253167,0.9240506329113924,62.666666666666664,352,Pass
1160,Nisha Gupta,7,86,98,57,98,90,71,No,A+,Male,Civil,0.7346938775510204,0.9830508474576272,0.46835443037974683,0.9873417721518988,0.8860759493670886,0.6455696202531646,81.66666666666667,414,Pass
1161,Ritu Chauhan,1,67,82,28,73,25,52,Yes,A,Female,Computer Science,0.3469387755102041,0.711864406779661,0.10126582278481013,0.6708860759493671,0.06329113924050633,0.4050632911392405,42.0,260,Pass
1162,Sameer Ahmad,8,62,53,94,33,36,45,No,B,Female,Computer Science,0.24489795918367346,0.22033898305084745,0.9367088607594937,0.16455696202531644,0.20253164556962025,0.31645569620253167,54.333333333333336,261,Pass
1163,Kabir Khan,8,62,89,41,20,86,37,No,B,Male,Electronics,0.24489795918367346,0.8305084745762712,0.26582278481012656,0.0,0.8354430379746836,0.21518987341772153,49.0,273,Fail
1164,Meera Das,5,70,60,54,73,28,48,No,C,Female,Electronics,0.40816326530612246,0.3389830508474576,0.43037974683544306,0.6708860759493671,0.10126582278481013,0.35443037974683544,51.666666666666664,263,Pass
1165,Nisha Gupta,5,96,53,34,24,61,41,Yes,A,Male,Computer Science,0.9387755102040817,0.22033898305084745,0.17721518987341772,0.05063291139240506,0.5189873417721519,0.26582278481012656,39.666666666666664,213,Pass
1166,Imran Pathan,3,89,96,47,85,93,70,No,A,Female,Computer Science,0.7959183673469388,0.9491525423728814,0.34177215189873417,0.8227848101265823,0.9240506329113924,0.6329113924050633,75.0,391,Pass
1167,Imran Pathan,3,73,71,99,55,38,85,No,D,Female,Mechanical,0.46938775510204084,0.5254237288135594,1.0,0.4430379746835443,0.22784810126582278,0.8227848101265823,64.0,348,Pass
1168,Aman Yadav,2,95,65,70,44,52,29,Yes,C,Female,Mechanical,0.9183673469387755,0.423728813559322,0.6329113924050633,0.3037974683544304,0.4050632911392405,0.11392405063291139,55.333333333333336,260,Fail
1169,Meera Das,7,88,83,49,75,48,74,No,A+,Female,Information Technology,0.7755102040816326,0.7288135593220338,0.3670886075949367,0.6962025316455697,0.35443037974683544,0.6835443037974683,57.333333333333336,329,Pass
1170,Arjun Verma,1,72,81,90,27,28,37,No,C,Female,Mechanical,0.4489795918367347,0.6949152542372882,0.8860759493670886,0.08860759493670886,0.10126582278481013,0.21518987341772153,48.333333333333336,263,Fail
1171,Fatima Noor,2,78,42,88,56,64,82,Yes,B,Male,Computer Science,0.5714285714285714,0.03389830508474576,0.8607594936708861,0.45569620253164556,0.5569620253164557,0.7848101265822784,69.33333333333333,332,Pass
1172,Fatima Noor,3,90,93,57,64,32,48,No,B,Female,Electronics,0.8163265306122449,0.8983050847457628,0.46835443037974683,0.5569620253164557,0.1518987341772152,0.35443037974683544,51.0,294,Pass
1173,Vikas Kumar,3,95,54,72,59,52,90,Yes,A,Male,Civil,0.9183673469387755,0.23728813559322035,0.6582278481012658,0.4936708860759494,0.4050632911392405,0.8860759493670886,61.0,327,Pass
1174,Ayesha Khan,3,80,56,88,38,97,62,No,B,Female,Mechanical,0.6122448979591837,0.2711864406779661,0.8607594936708861,0.22784810126582278,0.9746835443037974,0.5316455696202531,74.33333333333333,341,Pass
1175,Priya Sharma,6,73,75,68,52,51,82,Yes,D,Male,Computer Science,0.46938775510204084,0.5932203389830508,0.6075949367088608,0.4050632911392405,0.3924050632911392,0.7848101265822784,57.0,328,Pass
1176,Nisha Gupta,5,64,96,42,62,43,84,Yes,A,Female,Computer Science,0.2857142857142857,0.9491525423728814,0.27848101265822783,0.5316455696202531,0.2911392405063291,0.810126582278481,49.0,327,Pass
1177,Priya Sharma,2,88,70,52,95,44,43,Yes,C,Male,Computer Science,0.7755102040816326,0.5084745762711864,0.4050632911392405,0.9493670886075949,0.3037974683544304,0.2911392405063291,63.666666666666664,304,Pass
1178,Aman Yadav,2,52,74,42,84,48,74,No,B,Female,Mechanical,0.04081632653061224,0.576271186440678,0.27848101265822783,0.810126582278481,0.35443037974683544,0.6835443037974683,58.0,322,Pass
1179,Priya Sharma,1,83,73,66,28,74,51,Yes,A+,Male,Mechanical,0.673469387755102,0.559322033898305,0.5822784810126582,0.10126582278481013,0.6835443037974683,0.3924050632911392,56.0,292,Pass
1180,Sameer Ahmad,7,57,40,42,96,40,63,No,A+,Male,Civil,0.14285714285714285,0.0,0.27848101265822783,0.9620253164556962,0.25316455696202533,0.5443037974683544,59.333333333333336,281,Pass
1181,Priya Sharma,3,65,79,45,67,94,96,No,C,Female,Mechanical,0.30612244897959184,0.6610169491525424,0.31645569620253167,0.5949367088607594,0.9367088607594937,0.9620253164556962,68.66666666666667,381,Pass
1182,Kabir Khan,6,59,93,67,95,89,68,No,B+,Male,Electronics,0.1836734693877551,0.8983050847457628,0.5949367088607594,0.9493670886075949,0.8734177215189873,0.6075949367088608,83.66666666666667,412,Pass
1183,Imran Pathan,2,70,67,27,83,33,85,No,A,Female,Electronics,0.40816326530612246,0.4576271186440678,0.08860759493670886,0.7974683544303798,0.16455696202531644,0.8227848101265823,47.666666666666664,295,Pass
1184,Imran Pathan,8,87,41,71,40,64,74,No,B,Female,Electronics,0.7551020408163265,0.01694915254237288,0.6455696202531646,0.25316455696202533,0.5569620253164557,0.6835443037974683,58.333333333333336,290,Pass
1185,Ayesha Khan,8,55,64,70,38,72,70,No,B,Female,Mechanical,0.10204081632653061,0.4067796610169492,0.6329113924050633,0.22784810126582278,0.6582278481012658,0.6329113924050633,60.0,314,Pass
1186,Meera Das,2,61,62,58,85,61,65,Yes,B+,Female,Mechanical,0.22448979591836735,0.3728813559322034,0.4810126582278481,0.8227848101265823,0.5189873417721519,0.569620253164557,68.0,331,Pass
1187,Rohit Singh,8,80,64,66,83,61,99,No,B,Male,Information Technology,0.6122448979591837,0.4067796610169492,0.5822784810126582,0.7974683544303798,0.5189873417721519,1.0,70.0,373,Pass
1188,Sameer Ahmad,5,83,88,82,97,46,57,Yes,D,Female,Computer Science,0.673469387755102,0.8135593220338984,0.7848101265822784,0.9746835443037974,0.3291139240506329,0.46835443037974683,75.0,370,Pass
1189,Ayesha Khan,2,81,80,39,35,30,35,No,A,Female,Civil,0.6326530612244898,0.6779661016949152,0.24050632911392406,0.189873417721519,0.12658227848101267,0.189873417721519,34.666666666666664,219,Fail
1190,Vikas Kumar,8,75,97,87,31,98,48,Yes,A,Female,Mechanical,0.5102040816326531,0.9661016949152542,0.8481012658227848,0.13924050632911392,0.9873417721518988,0.35443037974683544,72.0,361,Pass
1191,Meera Das,3,76,94,56,52,80,40,No,A+,Male,Electronics,0.5306122448979592,0.9152542372881356,0.45569620253164556,0.4050632911392405,0.759493670886076,0.25316455696202533,62.666666666666664,322,Pass
1192,Kabir Khan,8,55,52,43,51,43,28,No,D,Male,Computer Science,0.10204081632653061,0.2033898305084746,0.2911392405063291,0.3924050632911392,0.2911392405063291,0.10126582278481013,45.666666666666664,217,Fail
1193,Ritu Chauhan,1,84,49,52,90,36,95,No,D,Male,Information Technology,0.6938775510204082,0.15254237288135594,0.4050632911392405,0.8860759493670886,0.20253164556962025,0.9493670886075949,59.333333333333336,322,Pass
1194,Rohit Singh,4,76,66,83,23,62,97,No,A,Female,Information Technology,0.5306122448979592,0.4406779661016949,0.7974683544303798,0.0379746835443038,0.5316455696202531,0.9746835443037974,56.0,331,Pass
1195,Kabir Khan,6,92,68,30,24,69,52,Yes,A,Male,Civil,0.8571428571428571,0.4745762711864407,0.12658227848101267,0.05063291139240506,0.620253164556962,0.4050632911392405,41.0,243,Pass
1196,Ayesha Khan,5,86,90,49,97,50,95,Yes,C,Female,Civil,0.7346938775510204,0.847457627118644,0.3670886075949367,0.9746835443037974,0.379746835443038,0.9493670886075949,65.33333333333333,381,Pass
1197,Sameer Ahmad,2,68,84,53,64,79,52,Yes,C,Male,Information Technology,0.3673469387755102,0.7457627118644068,0.4177215189873418,0.5569620253164557,0.7468354430379747,0.4050632911392405,65.33333333333333,332,Pass
1198,Fatima Noor,3,70,82,52,37,93,68,No,A+,Female,Civil,0.40816326530612246,0.711864406779661,0.4050632911392405,0.21518987341772153,0.9240506329113924,0.6075949367088608,60.666666666666664,332,Pass
1199,Vikas Kumar,5,52,58,29,92,48,72,No,C,Male,Electronics,0.04081632653061224,0.3050847457627119,0.11392405063291139,0.9113924050632911,0.35443037974683544,0.6582278481012658,56.333333333333336,299,Pass
1200,Nisha Gupta,5,96,84,78,68,68,29,Yes,C,Female,Civil,0.9387755102040817,0.7457627118644068,0.7341772151898734,0.6075949367088608,0.6075949367088608,0.11392405063291139,71.33333333333333,327,Fail
1201,Imran Pathan,6,88,82,78,98,39,91,Yes,C,Male,Information Technology,0.7755102040816326,0.711864406779661,0.7341772151898734,0.9873417721518988,0.24050632911392406,0.8987341772151899,71.66666666666667,388,Pass
1202,Nisha Gupta,1,84,53,39,63,31,50,No,A,Male,Computer Science,0.6938775510204082,0.22033898305084745,0.24050632911392406,0.5443037974683544,0.13924050632911392,0.379746835443038,44.333333333333336,236,Pass
1203,Aman Yadav,8,51,45,41,71,52,66,No,B+,Male,Mechanical,0.02040816326530612,0.0847457627118644,0.26582278481012656,0.6455696202531646,0.4050632911392405,0.5822784810126582,54.666666666666664,275,Pass
1204,Meera Das,2,74,98,98,71,98,55,Yes,B+,Male,Information Technology,0.4897959183673469,0.9830508474576272,0.9873417721518988,0.6455696202531646,0.9873417721518988,0.4430379746835443,89.0,420,Pass
1205,Nisha Gupta,7,59,55,53,78,30,65,No,A,Female,Computer Science,0.1836734693877551,0.2542372881355932,0.4177215189873418,0.7341772151898734,0.12658227848101267,0.569620253164557,53.666666666666664,281,Pass
1206,Sameer Ahmad,8,81,91,60,69,85,36,No,B+,Female,Civil,0.6326530612244898,0.864406779661017,0.5063291139240507,0.620253164556962,0.8227848101265823,0.20253164556962025,71.33333333333333,341,Fail
1207,Kabir Khan,7,97,82,93,52,36,20,No,C,Male,Computer Science,0.9591836734693877,0.711864406779661,0.9240506329113924,0.4050632911392405,0.20253164556962025,0.0,60.333333333333336,283,Fail
1208,Fatima Noor,5,71,96,65,92,78,45,Yes,A,Female,Mechanical,0.42857142857142855,0.9491525423728814,0.569620253164557,0.9113924050632911,0.7341772151898734,0.31645569620253167,78.33333333333333,376,Pass
1209,Aman Yadav,2,87,85,99,71,28,84,No,A,Male,Mechanical,0.7551020408163265,0.7627118644067796,1.0,0.6455696202531646,0.10126582278481013,0.810126582278481,66.0,367,Pass
1210,Aman Yadav,2,60,72,56,66,85,26,Yes,A+,Female,Computer Science,0.20408163265306123,0.5423728813559322,0.45569620253164556,0.5822784810126582,0.8227848101265823,0.0759493670886076,69.0,305,Fail
1211,Zainab Ali,5,79,55,74,82,91,95,Yes,A,Female,Computer Science,0.5918367346938775,0.2542372881355932,0.6835443037974683,0.7848101265822784,0.8987341772151899,0.9493670886075949,82.33333333333333,397,Pass
1212,Sameer Ahmad,8,58,79,21,46,81,82,Yes,C,Male,Electronics,0.16326530612244897,0.6610169491525424,0.012658227848101266,0.3291139240506329,0.7721518987341772,0.7848101265822784,49.333333333333336,309,Pass
1213,Rohit Singh,4,82,50,43,95,79,39,Yes,A,Female,Electronics,0.6530612244897959,0.1694915254237288,0.2911392405063291,0.9493670886075949,0.7468354430379747,0.24050632911392406,72.33333333333333,306,Fail
1214,Ayesha Khan,8,83,90,52,34,24,50,Yes,B,Female,Civil,0.673469387755102,0.847457627118644,0.4050632911392405,0.17721518987341772,0.05063291139240506,0.379746835443038,36.666666666666664,250,Pass
1215,Imran Pathan,7,94,93,35,63,58,67,Yes,A+,Female,Mechanical,0.8979591836734694,0.8983050847457628,0.189873417721519,0.5443037974683544,0.4810126582278481,0.5949367088607594,52.0,316,Pass
1216,Rohit Singh,8,71,90,56,25,34,44,No,B+,Female,Electronics,0.42857142857142855,0.847457627118644,0.45569620253164556,0.06329113924050633,0.17721518987341772,0.3037974683544304,38.333333333333336,249,Pass
1217,Aman Yadav,4,62,96,66,78,72,27,Yes,D,Female,Computer Science,0.24489795918367346,0.9491525423728814,0.5822784810126582,0.7341772151898734,0.6582278481012658,0.08860759493670886,72.0,339,Fail
1218,Vikas Kumar,3,92,81,67,91,89,29,Yes,B+,Male,Information Technology,0.8571428571428571,0.6949152542372882,0.5949367088607594,0.8987341772151899,0.8734177215189873,0.11392405063291139,82.33333333333333,357,Fail
1219,Vikas Kumar,3,56,72,59,27,97,42,Yes,A+,Female,Civil,0.12244897959183673,0.5423728813559322,0.4936708860759494,0.08860759493670886,0.9746835443037974,0.27848101265822783,61.0,297,Pass
1220,Kabir Khan,5,66,79,42,63,97,57,Yes,A,Male,Electronics,0.32653061224489793,0.6610169491525424,0.27848101265822783,0.5443037974683544,0.9746835443037974,0.46835443037974683,67.33333333333333,338,Pass
1221,Vikas Kumar,2,91,86,86,78,63,73,No,B,Female,Computer Science,0.8367346938775511,0.7796610169491526,0.8354430379746836,0.7341772151898734,0.5443037974683544,0.6708860759493671,75.66666666666667,386,Pass
1222,Arjun Verma,4,98,59,49,79,75,97,Yes,D,Male,Electronics,0.9795918367346939,0.3220338983050847,0.3670886075949367,0.7468354430379747,0.6962025316455697,0.9746835443037974,67.66666666666667,359,Pass
1223,Nisha Gupta,2,64,49,30,35,64,97,No,B,Male,Civil,0.2857142857142857,0.15254237288135594,0.12658227848101267,0.189873417721519,0.5569620253164557,0.9746835443037974,43.0,275,Pass
1224,Sameer Ahmad,4,55,67,65,87,41,82,Yes,A+,Male,Civil,0.10204081632653061,0.4576271186440678,0.569620253164557,0.8481012658227848,0.26582278481012656,0.7848101265822784,64.33333333333333,342,Pass
1225,Vikas Kumar,7,82,72,87,64,90,84,Yes,A+,Female,Electronics,0.6530612244897959,0.5423728813559322,0.8481012658227848,0.5569620253164557,0.8860759493670886,0.810126582278481,80.33333333333333,397,Pass
1226,Ayesha Khan,8,52,61,84,56,84,60,Yes,A,Male,Electronics,0.04081632653061224,0.3559322033898305,0.810126582278481,0.45569620253164556,0.810126582278481,0.5063291139240507,74.66666666666667,345,Pass
1227,Ayesha Khan,8,81,53,50,57,79,91,No,B,Female,Civil,0.6326530612244898,0.22033898305084745,0.379746835443038,0.46835443037974683,0.7468354430379747,0.8987341772151899,62.0,330,Pass
1228,Zainab Ali,5,60,82,34,38,64,91,No,C,Female,Mechanical,0.20408163265306123,0.711864406779661,0.17721518987341772,0.22784810126582278,0.5569620253164557,0.8987341772151899,45.333333333333336,309,Pass
1229,Fatima Noor,6,67,49,67,78,98,28,No,B+,Female,Information Technology,0.3469387755102041,0.15254237288135594,0.5949367088607594,0.7341772151898734,0.9873417721518988,0.10126582278481013,81.0,320,Fail
1230,Ayesha Khan,1,58,89,89,36,34,65,No,D,Female,Information Technology,0.16326530612244897,0.8305084745762712,0.8734177215189873,0.20253164556962025,0.17721518987341772,0.569620253164557,53.0,313,Pass
1231,Imran Pathan,5,84,99,55,93,39,49,No,A,Male,Computer Science,0.6938775510204082,1.0,0.4430379746835443,0.9240506329113924,0.24050632911392406,0.3670886075949367,62.333333333333336,335,Pass
1232,Fatima Noor,5,56,92,83,91,49,97,Yes,D,Male,Computer Science,0.12244897959183673,0.8813559322033898,0.7974683544303798,0.8987341772151899,0.3670886075949367,0.9746835443037974,74.33333333333333,412,Pass
1233,Sameer Ahmad,4,65,66,22,48,71,88,Yes,B+,Female,Information Technology,0.30612244897959184,0.4406779661016949,0.02531645569620253,0.35443037974683544,0.6455696202531646,0.8607594936708861,47.0,295,Pass
1234,Rohit Singh,8,59,79,87,28,34,93,Yes,B+,Female,Mechanical,0.1836734693877551,0.6610169491525424,0.8481012658227848,0.10126582278481013,0.17721518987341772,0.9240506329113924,49.666666666666664,321,Pass
1235,Meera Das,7,82,51,79,56,94,81,No,A+,Male,Electronics,0.6530612244897959,0.1864406779661017,0.7468354430379747,0.45569620253164556,0.9367088607594937,0.7721518987341772,76.33333333333333,361,Pass
1236,Arjun Verma,7,85,41,32,73,59,50,No,C,Female,Computer Science,0.7142857142857143,0.01694915254237288,0.1518987341772152,0.6708860759493671,0.4936708860759494,0.379746835443038,54.666666666666664,255,Pass
1237,Rohit Singh,8,93,72,69,96,59,57,Yes,B+,Female,Mechanical,0.8775510204081632,0.5423728813559322,0.620253164556962,0.9620253164556962,0.4936708860759494,0.46835443037974683,74.66666666666667,353,Pass
1238,Sana Shaikh,6,79,89,28,57,98,63,No,A+,Female,Civil,0.5918367346938775,0.8305084745762712,0.10126582278481013,0.46835443037974683,0.9873417721518988,0.5443037974683544,61.0,335,Pass
1239,Zainab Ali,1,55,69,23,41,52,62,Yes,C,Female,Mechanical,0.10204081632653061,0.4915254237288136,0.0379746835443038,0.26582278481012656,0.4050632911392405,0.5316455696202531,38.666666666666664,247,Pass
1240,Sana Shaikh,7,51,72,57,57,37,90,Yes,D,Male,Mechanical,0.02040816326530612,0.5423728813559322,0.46835443037974683,0.46835443037974683,0.21518987341772153,0.8860759493670886,50.333333333333336,313,Pass
1241,Kabir Khan,4,94,54,47,57,36,85,No,A+,Male,Electronics,0.8979591836734694,0.23728813559322035,0.34177215189873417,0.46835443037974683,0.20253164556962025,0.8227848101265823,46.666666666666664,279,Pass
1242,Nisha Gupta,1,67,89,47,39,63,22,No,C,Male,Electronics,0.3469387755102041,0.8305084745762712,0.34177215189873417,0.24050632911392406,0.5443037974683544,0.02531645569620253,49.666666666666664,260,Fail
1243,Rohit Singh,2,78,89,74,39,39,61,Yes,B+,Male,Electronics,0.5714285714285714,0.8305084745762712,0.6835443037974683,0.24050632911392406,0.24050632911392406,0.5189873417721519,50.666666666666664,302,Pass
1244,Vikas Kumar,3,59,58,40,51,84,92,Yes,C,Male,Civil,0.1836734693877551,0.3050847457627119,0.25316455696202533,0.3924050632911392,0.810126582278481,0.9113924050632911,58.333333333333336,325,Pass
1245,Zainab Ali,3,97,42,21,32,76,29,Yes,D,Female,Information Technology,0.9591836734693877,0.03389830508474576,0.012658227848101266,0.1518987341772152,0.7088607594936709,0.11392405063291139,43.0,200,Fail
1246,Ritu Chauhan,4,68,72,48,96,38,72,Yes,B,Female,Electronics,0.3673469387755102,0.5423728813559322,0.35443037974683544,0.9620253164556962,0.22784810126582278,0.6582278481012658,60.666666666666664,326,Pass
1247,Kabir Khan,8,94,86,25,89,43,96,Yes,B,Male,Computer Science,0.8979591836734694,0.7796610169491526,0.06329113924050633,0.8734177215189873,0.2911392405063291,0.9620253164556962,52.333333333333336,339,Pass
1248,Aman Yadav,3,65,81,46,88,43,88,Yes,A,Male,Civil,0.30612244897959184,0.6949152542372882,0.3291139240506329,0.8607594936708861,0.2911392405063291,0.8607594936708861,59.0,346,Pass
1249,Vikas Kumar,6,76,88,37,47,59,31,No,D,Male,Mechanical,0.5306122448979592,0.8135593220338984,0.21518987341772153,0.34177215189873417,0.4936708860759494,0.13924050632911392,47.666666666666664,262,Fail
1250,Fatima Noor,6,54,98,83,36,33,87,No,C,Female,Information Technology,0.08163265306122448,0.9830508474576272,0.7974683544303798,0.20253164556962025,0.16455696202531644,0.8481012658227848,50.666666666666664,337,Pass
1251,Aman Yadav,3,57,46,69,80,66,57,No,A+,Male,Civil,0.14285714285714285,0.1016949152542373,0.620253164556962,0.759493670886076,0.5822784810126582,0.46835443037974683,71.66666666666667,318,Pass
1252,Imran Pathan,1,67,86,50,92,79,93,Yes,A+,Female,Computer Science,0.3469387755102041,0.7796610169491526,0.379746835443038,0.9113924050632911,0.7468354430379747,0.9240506329113924,73.66666666666667,400,Pass
1253,Zainab Ali,6,94,75,47,30,88,77,Yes,D,Male,Civil,0.8979591836734694,0.5932203389830508,0.34177215189873417,0.12658227848101267,0.8607594936708861,0.7215189873417721,55.0,317,Pass
1254,Arjun Verma,6,83,93,41,22,32,60,No,A,Male,Mechanical,0.673469387755102,0.8983050847457628,0.26582278481012656,0.02531645569620253,0.1518987341772152,0.5063291139240507,31.666666666666668,248,Pass
1255,Aman Yadav,8,89,62,48,91,53,68,No,A,Male,Civil,0.7959183673469388,0.3728813559322034,0.35443037974683544,0.8987341772151899,0.4177215189873418,0.6075949367088608,64.0,322,Pass
1256,Arjun Verma,6,98,47,58,44,65,47,No,D,Male,Information Technology,0.9795918367346939,0.11864406779661017,0.4810126582278481,0.3037974683544304,0.569620253164557,0.34177215189873417,55.666666666666664,261,Pass
1257,Nisha Gupta,6,51,56,68,45,50,87,No,D,Female,Information Technology,0.02040816326530612,0.2711864406779661,0.6075949367088608,0.31645569620253167,0.379746835443038,0.8481012658227848,54.333333333333336,306,Pass
1258,Sameer Ahmad,2,64,55,43,49,95,30,No,A+,Female,Civil,0.2857142857142857,0.2542372881355932,0.2911392405063291,0.3670886075949367,0.9493670886075949,0.12658227848101267,62.333333333333336,272,Fail
1259,Fatima Noor,6,55,54,45,41,63,63,Yes,B+,Female,Computer Science,0.10204081632653061,0.23728813559322035,0.31645569620253167,0.26582278481012656,0.5443037974683544,0.5443037974683544,49.666666666666664,266,Pass
1260,Priya Sharma,5,91,68,76,42,67,79,No,B+,Female,Information Technology,0.8367346938775511,0.4745762711864407,0.7088607594936709,0.27848101265822783,0.5949367088607594,0.7468354430379747,61.666666666666664,332,Pass
1261,Meera Das,4,94,49,93,81,36,75,Yes,B,Female,Civil,0.8979591836734694,0.15254237288135594,0.9240506329113924,0.7721518987341772,0.20253164556962025,0.6962025316455697,70.0,334,Pass
1262,Imran Pathan,4,89,48,69,23,58,43,No,A,Female,Information Technology,0.7959183673469388,0.13559322033898305,0.620253164556962,0.0379746835443038,0.4810126582278481,0.2911392405063291,50.0,241,Pass
1263,Meera Das,6,50,80,34,49,29,31,Yes,B,Male,Computer Science,0.0,0.6779661016949152,0.17721518987341772,0.3670886075949367,0.11392405063291139,0.13924050632911392,37.333333333333336,223,Fail
1264,Arjun Verma,6,87,54,28,84,80,26,No,C,Male,Computer Science,0.7551020408163265,0.23728813559322035,0.10126582278481013,0.810126582278481,0.759493670886076,0.0759493670886076,64.0,272,Fail
1265,Fatima Noor,4,90,63,69,29,59,25,Yes,D,Male,Civil,0.8163265306122449,0.3898305084745763,0.620253164556962,0.11392405063291139,0.4936708860759494,0.06329113924050633,52.333333333333336,245,Fail
1266,Meera Das,8,63,43,98,40,51,32,Yes,D,Female,Computer Science,0.2653061224489796,0.05084745762711865,0.9873417721518988,0.25316455696202533,0.3924050632911392,0.1518987341772152,63.0,264,Fail
1267,Meera Das,2,77,43,64,38,79,88,No,A,Male,Electronics,0.5510204081632653,0.05084745762711865,0.5569620253164557,0.22784810126582278,0.7468354430379747,0.8607594936708861,60.333333333333336,312,Pass
1268,Sameer Ahmad,1,64,80,78,35,93,67,No,B+,Male,Mechanical,0.2857142857142857,0.6779661016949152,0.7341772151898734,0.189873417721519,0.9240506329113924,0.5949367088607594,68.66666666666667,353,Pass
1269,Sameer Ahmad,8,76,51,40,25,54,59,Yes,A,Female,Electronics,0.5306122448979592,0.1864406779661017,0.25316455696202533,0.06329113924050633,0.43037974683544306,0.4936708860759494,39.666666666666664,229,Pass
1270,Vikas Kumar,8,65,79,73,73,39,97,No,A,Female,Mechanical,0.30612244897959184,0.6610169491525424,0.6708860759493671,0.6708860759493671,0.24050632911392406,0.9746835443037974,61.666666666666664,361,Pass
1271,Ayesha Khan,1,92,40,24,51,79,20,Yes,A+,Female,Civil,0.8571428571428571,0.0,0.05063291139240506,0.3924050632911392,0.7468354430379747,0.0,51.333333333333336,214,Fail
1272,Fatima Noor,4,90,53,81,24,42,73,Yes,A+,Female,Mechanical,0.8163265306122449,0.22033898305084745,0.7721518987341772,0.05063291139240506,0.27848101265822783,0.6708860759493671,49.0,273,Pass
1273,Priya Sharma,7,84,69,25,41,35,39,No,A,Female,Computer Science,0.6938775510204082,0.4915254237288136,0.06329113924050633,0.26582278481012656,0.189873417721519,0.24050632911392406,33.666666666666664,209,Fail
1274,Nisha Gupta,6,76,66,55,46,42,56,Yes,A,Male,Civil,0.5306122448979592,0.4406779661016949,0.4430379746835443,0.3291139240506329,0.27848101265822783,0.45569620253164556,47.666666666666664,265,Pass
1275,Rohit Singh,5,92,93,81,58,30,25,Yes,C,Female,Mechanical,0.8571428571428571,0.8983050847457628,0.7721518987341772,0.4810126582278481,0.12658227848101267,0.06329113924050633,56.333333333333336,287,Fail
1276,Meera Das,3,75,78,63,98,77,29,Yes,B,Male,Computer Science,0.5102040816326531,0.6440677966101694,0.5443037974683544,0.9873417721518988,0.7215189873417721,0.11392405063291139,79.33333333333333,345,Fail
1277,Zainab Ali,4,71,69,72,94,45,47,Yes,B+,Female,Computer Science,0.42857142857142855,0.4915254237288136,0.6582278481012658,0.9367088607594937,0.31645569620253167,0.34177215189873417,70.33333333333333,327,Pass
1278,Sana Shaikh,3,87,98,71,93,60,28,Yes,B,Female,Computer Science,0.7551020408163265,0.9830508474576272,0.6455696202531646,0.9240506329113924,0.5063291139240507,0.10126582278481013,74.66666666666667,350,Fail
1279,Arjun Verma,7,50,85,42,64,70,35,Yes,B,Male,Electronics,0.0,0.7627118644067796,0.27848101265822783,0.5569620253164557,0.6329113924050633,0.189873417721519,58.666666666666664,296,Fail
1280,Priya Sharma,8,68,63,21,34,97,55,Yes,C,Female,Civil,0.3673469387755102,0.3898305084745763,0.012658227848101266,0.17721518987341772,0.9746835443037974,0.4430379746835443,50.666666666666664,270,Pass
1281,Sameer Ahmad,6,72,48,21,77,71,30,No,B,Male,Civil,0.4489795918367347,0.13559322033898305,0.012658227848101266,0.7215189873417721,0.6455696202531646,0.12658227848101267,56.333333333333336,247,Fail
1282,Fatima Noor,1,80,96,74,32,82,57,No,C,Male,Computer Science,0.6122448979591837,0.9491525423728814,0.6835443037974683,0.1518987341772152,0.7848101265822784,0.46835443037974683,62.666666666666664,341,Pass
1283,Ritu Chauhan,2,74,98,64,61,74,71,No,C,Female,Civil,0.4897959183673469,0.9830508474576272,0.5569620253164557,0.5189873417721519,0.6835443037974683,0.6455696202531646,66.33333333333333,368,Pass
1284,Kabir Khan,7,72,64,96,42,20,32,No,B,Female,Computer Science,0.4489795918367347,0.4067796610169492,0.9620253164556962,0.27848101265822783,0.0,0.1518987341772152,52.666666666666664,254,Fail
1285,Sameer Ahmad,8,82,79,49,95,37,39,Yes,B+,Female,Mechanical,0.6530612244897959,0.6610169491525424,0.3670886075949367,0.9493670886075949,0.21518987341772153,0.24050632911392406,60.333333333333336,299,Fail
1286,Rohit Singh,5,94,65,45,94,23,99,Yes,B,Female,Computer Science,0.8979591836734694,0.423728813559322,0.31645569620253167,0.9367088607594937,0.0379746835443038,1.0,54.0,326,Pass
1287,Fatima Noor,5,70,59,20,20,45,29,No,D,Female,Mechanical,0.40816326530612246,0.3220338983050847,0.0,0.0,0.31645569620253167,0.11392405063291139,28.333333333333332,173,Fail
1288,Nisha Gupta,5,84,53,85,70,27,32,Yes,D,Male,Computer Science,0.6938775510204082,0.22033898305084745,0.8227848101265823,0.6329113924050633,0.08860759493670886,0.1518987341772152,60.666666666666664,267,Fail
1289,Arjun Verma,6,51,85,23,77,77,85,Yes,B+,Male,Information Technology,0.02040816326530612,0.7627118644067796,0.0379746835443038,0.7215189873417721,0.7215189873417721,0.8227848101265823,59.0,347,Pass
1290,Aman Yadav,6,54,65,31,38,72,22,No,B+,Female,Electronics,0.08163265306122448,0.423728813559322,0.13924050632911392,0.22784810126582278,0.6582278481012658,0.02531645569620253,47.0,228,Fail
1291,Arjun Verma,4,98,86,47,81,27,47,No,C,Female,Electronics,0.9795918367346939,0.7796610169491526,0.34177215189873417,0.7721518987341772,0.08860759493670886,0.34177215189873417,51.666666666666664,288,Pass
1292,Imran Pathan,1,76,92,74,37,54,30,No,B+,Female,Information Technology,0.5306122448979592,0.8813559322033898,0.6835443037974683,0.21518987341772153,0.43037974683544306,0.12658227848101267,55.0,287,Fail
1293,Fatima Noor,1,52,90,65,20,41,66,No,C,Male,Mechanical,0.04081632653061224,0.847457627118644,0.569620253164557,0.0,0.26582278481012656,0.5822784810126582,42.0,282,Pass
1294,Imran Pathan,3,56,84,53,97,52,36,No,C,Male,Civil,0.12244897959183673,0.7457627118644068,0.4177215189873418,0.9746835443037974,0.4050632911392405,0.20253164556962025,67.33333333333333,322,Fail
1295,Imran Pathan,2,85,64,41,83,49,94,Yes,D,Female,Computer Science,0.7142857142857143,0.4067796610169492,0.26582278481012656,0.7974683544303798,0.3670886075949367,0.9367088607594937,57.666666666666664,331,Pass
1296,Ayesha Khan,7,75,93,57,42,64,44,Yes,C,Male,Electronics,0.5102040816326531,0.8983050847457628,0.46835443037974683,0.27848101265822783,0.5569620253164557,0.3037974683544304,54.333333333333336,300,Pass
1297,Ritu Chauhan,2,61,56,52,72,34,33,No,A+,Female,Information Technology,0.22448979591836735,0.2711864406779661,0.4050632911392405,0.6582278481012658,0.17721518987341772,0.16455696202531644,52.666666666666664,247,Fail
1298,Ritu Chauhan,8,69,47,89,65,24,54,Yes,A+,Male,Electronics,0.3877551020408163,0.11864406779661017,0.8734177215189873,0.569620253164557,0.05063291139240506,0.43037974683544306,59.333333333333336,279,Pass
1299,Nisha Gupta,4,56,86,65,99,73,77,No,B+,Female,Electronics,0.12244897959183673,0.7796610169491526,0.569620253164557,1.0,0.6708860759493671,0.7215189873417721,79.0,400,Pass
1300,Nisha Gupta,1,54,72,30,29,70,96,Yes,A,Female,Information Technology,0.08163265306122448,0.5423728813559322,0.12658227848101267,0.11392405063291139,0.6329113924050633,0.9620253164556962,43.0,297,Pass
